{
  "label": "injury_next_7d",
  "split": "forward_time_per_user",
  "n_rows": 395693,
  "n_train": 316673,
  "n_val": 79020,
  "prevalence_train": 0.10220637692509307,
  "prevalence_val": 0.1157048848392812,
  "auc_train": 0.711382424132847,
  "auc_val": 0.713633603381812,
  "pr_auc_train": 0.229643020174565,
  "pr_auc_val": 0.24273843557338418,
  "logloss_train": 0.3091959477571137,
  "logloss_val": 0.33432784244413827,
  "brier_train": 0.08696976670181195,
  "brier_val": 0.09727874401267927,
  "best_iteration": 40,
  "num_boosted_rounds": 41,
  "prob_summary": {
    "train": {
      "n": 316673,
      "mean": 0.12516980042996098,
      "std": 0.05599420918203794,
      "min": 0.04575133816413278,
      "p01": 0.0663118371510691,
      "p05": 0.07411640825271114,
      "p50": 0.10744331224259521,
      "p95": 0.24537324514799896,
      "p99": 0.3141263604132036,
      "max": 0.43189668331706044
    },
    "val": {
      "n": 79020,
      "mean": 0.0928941407550848,
      "std": 0.04977650699163656,
      "min": 0.04507067381031692,
      "p01": 0.04627872156425324,
      "p05": 0.0486007668519725,
      "p50": 0.07483964879098559,
      "p95": 0.2008003370179791,
      "p99": 0.25993836122285635,
      "max": 0.3710956097392132
    }
  }
}