{
  "label": "injury_next_7d",
  "split": "random_per_user",
  "n_train": 316673,
  "n_val": 79020,
  "best_iteration": 1999,
  "num_boosted_rounds": 2000,
  "prevalence_train": 0.10464106507343537,
  "prevalence_val": 0.10594786130093647,
  "auc_train": 0.7962305371349283,
  "auc_val": 0.7724135827899189,
  "pr_auc_train": 0.4209670491829718,
  "pr_auc_val": 0.3491347484925406,
  "logloss_train": 0.27601127313500745,
  "logloss_val": 0.2884889422728585,
  "brier_train": 0.07876465728326867,
  "brier_val": 0.08281505806269818,
  "prob_summary": {
    "train": {
      "n": 316673,
      "mean": 0.10457652891553464,
      "std": 0.0879821086807314,
      "min": 0.002870867065907343,
      "p01": 0.01648046325585502,
      "p05": 0.029333293397117398,
      "p50": 0.07565832429185165,
      "p95": 0.2773411982731501,
      "p99": 0.44627085854974696,
      "max": 0.9052831382424398
    },
    "val": {
      "n": 79020,
      "mean": 0.10434404447992779,
      "std": 0.08652989921024923,
      "min": 0.003997036800640785,
      "p01": 0.016226395326364326,
      "p05": 0.029425791088367917,
      "p50": 0.07569712975044464,
      "p95": 0.2768928062363644,
      "p99": 0.4307889382272672,
      "max": 0.8831046593752414
    }
  }
}